id,title,description,availability,condition,price,link,image_link,brand,item_group_id,product_type,gtin,mpn
sate-daging-mala__sdm-pkt,Sate Daging Pedas Mala 麻辣牛肉串 (400g * Pkt),Premium beef skewers infused with authentic tongue-numbing Sichuan Mala spices. Sizzling and aromatic. 精选嫩牛肉，融汇四川正宗麻辣风味，辛香酥麻，回味无穷。,in stock,new,29.00 MYR,https://alekhlasfood.com/#catalog,https://images.unsplash.com/photo-1529193591184-b1d58069ecdd?auto=format&fit=crop&w=600&q=80,AEM Frozen Food,sate-daging-mala,Satay Skewer / 烧烤串,9552626879627,
sate-daging-mala__sdm-ctn,Sate Daging Pedas Mala 麻辣牛肉串 (400g * 20Pkt * Ctn),Premium beef skewers infused with authentic tongue-numbing Sichuan Mala spices. Sizzling and aromatic. 精选嫩牛肉，融汇四川正宗麻辣风味，辛香酥麻，回味无穷。,in stock,new,580.00 MYR,https://alekhlasfood.com/#catalog,https://images.unsplash.com/photo-1529193591184-b1d58069ecdd?auto=format&fit=crop&w=600&q=80,AEM Frozen Food,sate-daging-mala,Satay Skewer / 烧烤串,,9552626879627-sdm-ctn
sate-kambing-mala__skm-pkt,Sate Kambing Pedas Mala 麻辣羊肉串 (400g * Pkt),"Tender mutton chunks marinated with bold Mala spices. Rich, spicy, and perfectly savory. 严选优质羊肉，麻辣鲜香，肥而不腻，烤后香气扑鼻。",in stock,new,33.00 MYR,https://alekhlasfood.com/#catalog,https://images.unsplash.com/photo-1603048588665-791ca8aea617?auto=format&fit=crop&w=600&q=80,AEM Frozen Food,sate-kambing-mala,Satay Skewer / 烧烤串,9553636779624,
sate-kambing-mala__skm-ctn,Sate Kambing Pedas Mala 麻辣羊肉串 (400g * 20Pkt * Ctn),"Tender mutton chunks marinated with bold Mala spices. Rich, spicy, and perfectly savory. 严选优质羊肉，麻辣鲜香，肥而不腻，烤后香气扑鼻。",in stock,new,660.00 MYR,https://alekhlasfood.com/#catalog,https://images.unsplash.com/photo-1603048588665-791ca8aea617?auto=format&fit=crop&w=600&q=80,AEM Frozen Food,sate-kambing-mala,Satay Skewer / 烧烤串,,9553636779624-skm-ctn
sate-ayam-mala__sam-pkt,Sate Ayam Pedas Mala 麻辣鸡肉串 (400g * Pkt),Succulent chicken breast skewers marinated in spicy Sichuan pepper oil and traditional seasonings. 鲜嫩鸡肉串，裹满麻辣佐料，鲜美多汁，香气饱满。,in stock,new,25.00 MYR,https://alekhlasfood.com/#catalog,https://images.unsplash.com/photo-1532550907401-a500c9a57435?auto=format&fit=crop&w=600&q=80,AEM Frozen Food,sate-ayam-mala,Satay Skewer / 烧烤串,9554636579627,
sate-ayam-mala__sam-ctn,Sate Ayam Pedas Mala 麻辣鸡肉串 (400g * 20Pkt * Ctn),Succulent chicken breast skewers marinated in spicy Sichuan pepper oil and traditional seasonings. 鲜嫩鸡肉串，裹满麻辣佐料，鲜美多汁，香气饱满。,in stock,new,500.00 MYR,https://alekhlasfood.com/#catalog,https://images.unsplash.com/photo-1532550907401-a500c9a57435?auto=format&fit=crop&w=600&q=80,AEM Frozen Food,sate-ayam-mala,Satay Skewer / 烧烤串,,9554636579627-sam-ctn
sate-daging-classic__sdc-pkt,Sate Daging 牛肉串 (400g * Pkt),"Classic Malaysian style beef satay. Richly aromatic with local spices like lemongrass, turmeric, and cumin. 大马传统风味牛肉串，香茅、黄姜、孜然香气交织，经典醇厚。",in stock,new,26.00 MYR,https://alekhlasfood.com/#catalog,https://images.unsplash.com/photo-1544025162-d76694265947?auto=format&fit=crop&w=600&q=80,AEM Frozen Food,sate-daging-classic,Satay Skewer / 烧烤串,9554134279623,
sate-daging-classic__sdc-ctn,Sate Daging 牛肉串 (400g * 20Pkt * Ctn),"Classic Malaysian style beef satay. Richly aromatic with local spices like lemongrass, turmeric, and cumin. 大马传统风味牛肉串，香茅、黄姜、孜然香气交织，经典醇厚。",in stock,new,520.00 MYR,https://alekhlasfood.com/#catalog,https://images.unsplash.com/photo-1544025162-d76694265947?auto=format&fit=crop&w=600&q=80,AEM Frozen Food,sate-daging-classic,Satay Skewer / 烧烤串,,9554134279623-sdc-ctn
sate-kambing-classic__skc-pkt,Sate Kambing 羊肉串 (400g * Pkt),"Traditional marinated mutton skewers. Incredibly tender, rich, and juicy with local herbal notes. 古法风味羊肉串，去腥留鲜，肉质滑嫩，汁水丰盈。",in stock,new,30.00 MYR,https://alekhlasfood.com/#catalog,https://images.unsplash.com/photo-1514516345957-556ca7d90a29?auto=format&fit=crop&w=600&q=80,AEM Frozen Food,sate-kambing-classic,Satay Skewer / 烧烤串,9554939379627,
sate-kambing-classic__skc-ctn,Sate Kambing 羊肉串 (400g * 20Pkt * Ctn),"Traditional marinated mutton skewers. Incredibly tender, rich, and juicy with local herbal notes. 古法风味羊肉串，去腥留鲜，肉质滑嫩，汁水丰盈。",in stock,new,600.00 MYR,https://alekhlasfood.com/#catalog,https://images.unsplash.com/photo-1514516345957-556ca7d90a29?auto=format&fit=crop&w=600&q=80,AEM Frozen Food,sate-kambing-classic,Satay Skewer / 烧烤串,,9554939379627-skc-ctn
sate-ayam-classic__sac-pkt,Sate Ayam 鸡肉串 (400g * Pkt),"Malaysian national favorite chicken satay. Soft, sweet-savory marinade, perfect for the whole family. 大马国民美味鸡肉串，香甜入味，肉质弹牙，家少皆宜。",in stock,new,22.00 MYR,https://alekhlasfood.com/#catalog,https://images.unsplash.com/photo-1565557623262-b51c2513a641?auto=format&fit=crop&w=600&q=80,AEM Frozen Food,sate-ayam-classic,Satay Skewer / 烧烤串,9554131379623,
sate-ayam-classic__sac-ctn,Sate Ayam 鸡肉串 (400g * 20Pkt * Ctn),"Malaysian national favorite chicken satay. Soft, sweet-savory marinade, perfect for the whole family. 大马国民美味鸡肉串，香甜入味，肉质弹牙，家少皆宜。",in stock,new,440.00 MYR,https://alekhlasfood.com/#catalog,https://images.unsplash.com/photo-1565557623262-b51c2513a641?auto=format&fit=crop&w=600&q=80,AEM Frozen Food,sate-ayam-classic,Satay Skewer / 烧烤串,,9554131379623-sac-ctn
soup-pir-gula-batu__pgb-pkt,Air Pir Gula Batu 冰糖雪梨 (450g * Pkt),"Sweet, soothing pear nectar double-boiled with rock sugar to soothe the throat and cool the body. 雪梨温润，加冰糖悉心慢炖，清甜滋润，清热润肺。",in stock,new,6.00 MYR,https://alekhlasfood.com/#catalog,https://images.unsplash.com/photo-1541832676-9b763b0239ab?auto=format&fit=crop&w=600&q=80,AEM Frozen Food,soup-pir-gula-batu,Chinese Dessert Soup / 传统糖水,9553183093709,
soup-pir-gula-batu__pgb-ctn12,Air Pir Gula Batu 冰糖雪梨 (450g * 12Pkt * Ctn),"Sweet, soothing pear nectar double-boiled with rock sugar to soothe the throat and cool the body. 雪梨温润，加冰糖悉心慢炖，清甜滋润，清热润肺。",in stock,new,78.00 MYR,https://alekhlasfood.com/#catalog,https://images.unsplash.com/photo-1541832676-9b763b0239ab?auto=format&fit=crop&w=600&q=80,AEM Frozen Food,soup-pir-gula-batu,Chinese Dessert Soup / 传统糖水,,9553183093709-pgb-ctn12
soup-pir-gula-batu-bucket__pgb-bkt-pkt,Air Pir Gula Batu (With Bucket) 冰糖雪梨 (小桶装) (450g * Pkt),Convenient bucket-sized serving of our traditional sweet double-boiled pear rock sugar soup. 传统冰糖雪梨，精美桶装，携带便利，清甜更尽兴。,in stock,new,6.50 MYR,https://alekhlasfood.com/#catalog,https://images.unsplash.com/photo-1541832676-9b763b0239ab?auto=format&fit=crop&w=600&q=80,AEM Frozen Food,soup-pir-gula-batu-bucket,Chinese Dessert Soup / 传统糖水,,9553183093709-pgb-bkt-pkt
soup-pir-gula-batu-bucket__pgb-bkt-ctn12,Air Pir Gula Batu (With Bucket) 冰糖雪梨 (小桶装) (450g * 12Pkt * Ctn),Convenient bucket-sized serving of our traditional sweet double-boiled pear rock sugar soup. 传统冰糖雪梨，精美桶装，携带便利，清甜更尽兴。,in stock,new,78.00 MYR,https://alekhlasfood.com/#catalog,https://images.unsplash.com/photo-1541832676-9b763b0239ab?auto=format&fit=crop&w=600&q=80,AEM Frozen Food,soup-pir-gula-batu-bucket,Chinese Dessert Soup / 传统糖水,,9553183093709-pgb-bkt-ctn12
soup-kelapa-laut-longan__kll-pkt,Air Kelapa Laut & Longan Manis 海底椰龙眼糖水 (500g * Pkt),Classic tropical refreshment combining sweet sea coconut and dried longan. Deeply hydrating. 热带经典清凉糖水，香甜海底椰肉伴随干龙眼，清甜消暑。,in stock,new,5.50 MYR,https://alekhlasfood.com/#catalog,https://images.unsplash.com/photo-1596797038530-2c107229654b?auto=format&fit=crop&w=600&q=80,AEM Frozen Food,soup-kelapa-laut-longan,Chinese Dessert Soup / 传统糖水,9553183093716,
soup-kelapa-laut-longan__kll-ctn,Air Kelapa Laut & Longan Manis 海底椰龙眼糖水 (500g * 30Pkt * Ctn),Classic tropical refreshment combining sweet sea coconut and dried longan. Deeply hydrating. 热带经典清凉糖水，香甜海底椰肉伴随干龙眼，清甜消暑。,in stock,new,165.00 MYR,https://alekhlasfood.com/#catalog,https://images.unsplash.com/photo-1596797038530-2c107229654b?auto=format&fit=crop&w=600&q=80,AEM Frozen Food,soup-kelapa-laut-longan,Chinese Dessert Soup / 传统糖水,,9553183093716-kll-ctn
soup-nanas-longan__anl-pkt,Air Nanas & Longan Manis 菠萝龙眼糖水 (500g * Pkt),A vibrant fruity fusion of tangy sweet pineapple chunks and juicy sweet longan fruits. 菠萝的微酸清甜与龙眼蜜香碰撞，带来满口爽朗果香。,in stock,new,5.50 MYR,https://alekhlasfood.com/#catalog,https://images.unsplash.com/photo-1618897996318-5a901fa6ca71?auto=format&fit=crop&w=600&q=80,AEM Frozen Food,soup-nanas-longan,Chinese Dessert Soup / 传统糖水,9553183093723,
soup-nanas-longan__anl-ctn,Air Nanas & Longan Manis 菠萝龙眼糖水 (500g * 30Pkt * Ctn),A vibrant fruity fusion of tangy sweet pineapple chunks and juicy sweet longan fruits. 菠萝的微酸清甜与龙眼蜜香碰撞，带来满口爽朗果香。,in stock,new,165.00 MYR,https://alekhlasfood.com/#catalog,https://images.unsplash.com/photo-1618897996318-5a901fa6ca71?auto=format&fit=crop&w=600&q=80,AEM Frozen Food,soup-nanas-longan,Chinese Dessert Soup / 传统糖水,,9553183093723-anl-ctn
soup-kacang-manis__skm-p-pkt,Sup Kacang Manis 传统花生糊 (300g * Pkt),"Velvety, rich cream roasted peanut soup. Creamy, aromatic, and comforting traditional Chinese dessert. 炒制花生细磨慢熬，口感丝滑，浓郁醇香，温暖心扉。",in stock,new,7.00 MYR,https://alekhlasfood.com/#catalog,https://images.unsplash.com/photo-1600271886742-f049cd451bba?auto=format&fit=crop&w=600&q=80,AEM Frozen Food,soup-kacang-manis,Chinese Dessert Soup / 传统糖水,9551738298364,
soup-kacang-manis__skm-p-ctn,Sup Kacang Manis 传统花生糊 (300g * 30Pkt * Ctn),"Velvety, rich cream roasted peanut soup. Creamy, aromatic, and comforting traditional Chinese dessert. 炒制花生细磨慢熬，口感丝滑，浓郁醇香，温暖心扉。",in stock,new,210.00 MYR,https://alekhlasfood.com/#catalog,https://images.unsplash.com/photo-1600271886742-f049cd451bba?auto=format&fit=crop&w=600&q=80,AEM Frozen Food,soup-kacang-manis,Chinese Dessert Soup / 传统糖水,,9551738298364-skm-p-ctn
snack-ayam-goreng-krispi__agk-pkt,Ayam Goreng Krispi 酥脆小酥肉 (1kg * Pkt),"Golden, crispy, seasoned chicken bites. Perfectly spiced, crispy outside and tender inside. 外表金黄酥脆，内里肉质细嫩，特调香料入味，极佳小零嘴。",in stock,new,38.00 MYR,https://alekhlasfood.com/#catalog,https://images.unsplash.com/photo-1569058242253-92a9c755a0ec?auto=format&fit=crop&w=600&q=80,AEM Frozen Food,snack-ayam-goreng-krispi,Crispy Snacks / 精致小吃,9558268768336,
snack-ayam-goreng-krispi__agk-ctn,Ayam Goreng Krispi 酥脆小酥肉 (1kg * 10Pkt * Ctn),"Golden, crispy, seasoned chicken bites. Perfectly spiced, crispy outside and tender inside. 外表金黄酥脆，内里肉质细嫩，特调香料入味，极佳小零嘴。",in stock,new,370.00 MYR,https://alekhlasfood.com/#catalog,https://images.unsplash.com/photo-1569058242253-92a9c755a0ec?auto=format&fit=crop&w=600&q=80,AEM Frozen Food,snack-ayam-goreng-krispi,Crispy Snacks / 精致小吃,,9558268768336-agk-ctn
snack-kuih-pulut-gula-merah__kpg-pkt,Kuih Pulut dengan Gula Merah 红糖糍粑 (230g * Pkt),"Chewy glutinous rice cakes served with rich, fragrant liquid brown sugar syrup (gula merah). 软糯香Q的糯米糍粑，淋上浓郁红糖浆，外酥里糯，甜而不腻。",in stock,new,5.30 MYR,https://alekhlasfood.com/#catalog,https://alekhlasfood.com/assets/brown_sugar_ciba_1783817158846.jpg,AEM Frozen Food,snack-kuih-pulut-gula-merah,Crispy Snacks / 精致小吃,9558268783117,
snack-kuih-pulut-gula-merah__kpg-box,Kuih Pulut dengan Gula Merah 红糖糍粑 (230g * Box),"Chewy glutinous rice cakes served with rich, fragrant liquid brown sugar syrup (gula merah). 软糯香Q的糯米糍粑，淋上浓郁红糖浆，外酥里糯，甜而不腻。",in stock,new,6.50 MYR,https://alekhlasfood.com/#catalog,https://alekhlasfood.com/assets/brown_sugar_ciba_1783817158846.jpg,AEM Frozen Food,snack-kuih-pulut-gula-merah,Crispy Snacks / 精致小吃,,9558268783117-kpg-box
snack-kuih-pulut-gula-merah__kpg-ctn,Kuih Pulut dengan Gula Merah 红糖糍粑 (230g * 30Pkt * Ctn),"Chewy glutinous rice cakes served with rich, fragrant liquid brown sugar syrup (gula merah). 软糯香Q的糯米糍粑，淋上浓郁红糖浆，外酥里糯，甜而不腻。",in stock,new,195.00 MYR,https://alekhlasfood.com/#catalog,https://alekhlasfood.com/assets/brown_sugar_ciba_1783817158846.jpg,AEM Frozen Food,snack-kuih-pulut-gula-merah,Crispy Snacks / 精致小吃,,9558268783117-kpg-ctn
snack-kuih-labu__kl-pkt,Kuih Labu (Pumpkin Pie) 黄金南瓜饼 (24pcs * Pkt),Crispy fried pumpkin pies with a soft sweet pumpkin filling. Golden and naturally sweet. 色泽金黄夺目，软甜南瓜内馅，外层香脆，散发淡淡南瓜芬芳。,in stock,new,15.00 MYR,https://alekhlasfood.com/#catalog,https://images.unsplash.com/photo-1509440159596-0249088772ff?auto=format&fit=crop&w=600&q=80,AEM Frozen Food,snack-kuih-labu,Crispy Snacks / 精致小吃,9558268783315,
snack-kuih-labu__kl-ctn,Kuih Labu (Pumpkin Pie) 黄金南瓜饼 (24pcs * 30Pkt * Ctn),Crispy fried pumpkin pies with a soft sweet pumpkin filling. Golden and naturally sweet. 色泽金黄夺目，软甜南瓜内馅，外层香脆，散发淡淡南瓜芬芳。,in stock,new,450.00 MYR,https://alekhlasfood.com/#catalog,https://images.unsplash.com/photo-1509440159596-0249088772ff?auto=format&fit=crop&w=600&q=80,AEM Frozen Food,snack-kuih-labu,Crispy Snacks / 精致小吃,,9558268783315-kl-ctn
snack-ice-cream-goreng__icg-pkt,Ice Cream Goreng (3 Flavors Choice) 炸冰淇淋 (3种口味可选) (10pcs * Pkt),"A magical dessert! Warm crispy bread coating wrapped around ice-cold, premium ice cream. 3 flavors choice: Vanilla, Chocolate, and Yam. 冰火交织的美味！外层包点酥香，内里香甜冰淇淋。提供 3 种口味选择：香草味、巧克力味、芋泥味（下单请在备注中注明所需口味）。",in stock,new,25.00 MYR,https://alekhlasfood.com/#catalog,https://images.unsplash.com/photo-1501443762994-82bd5dace89a?auto=format&fit=crop&w=600&q=80,AEM Frozen Food,snack-ice-cream-goreng,Crispy Snacks / 精致小吃,9552573738824,
snack-ice-cream-goreng__icg-ctn,Ice Cream Goreng (3 Flavors Choice) 炸冰淇淋 (3种口味可选) (10pcs * 10Pkt * Ctn),"A magical dessert! Warm crispy bread coating wrapped around ice-cold, premium ice cream. 3 flavors choice: Vanilla, Chocolate, and Yam. 冰火交织的美味！外层包点酥香，内里香甜冰淇淋。提供 3 种口味选择：香草味、巧克力味、芋泥味（下单请在备注中注明所需口味）。",in stock,new,250.00 MYR,https://alekhlasfood.com/#catalog,https://images.unsplash.com/photo-1501443762994-82bd5dace89a?auto=format&fit=crop&w=600&q=80,AEM Frozen Food,snack-ice-cream-goreng,Crispy Snacks / 精致小吃,,9552573738824-icg-ctn
snack-susu-goreng__sg-pkt,Susu Goreng 黄金炸鲜奶 (180g * Pkt),"Crispy fried milk nuggets with a sweet, creamy, molten custard milk center. 外脆内柔，奶香浓郁，一口咬下，温热甜润的牛奶内芯在舌尖融化。",in stock,new,8.60 MYR,https://alekhlasfood.com/#catalog,https://images.unsplash.com/photo-1555126634-323283e090fa?auto=format&fit=crop&w=600&q=80,AEM Frozen Food,snack-susu-goreng,Crispy Snacks / 精致小吃,9552573738879,
snack-susu-goreng__sg-ctn,Susu Goreng 黄金炸鲜奶 (180g * 30Pkt * Ctn),"Crispy fried milk nuggets with a sweet, creamy, molten custard milk center. 外脆内柔，奶香浓郁，一口咬下，温热甜润的牛奶内芯在舌尖融化。",in stock,new,250.00 MYR,https://alekhlasfood.com/#catalog,https://images.unsplash.com/photo-1555126634-323283e090fa?auto=format&fit=crop&w=600&q=80,AEM Frozen Food,snack-susu-goreng,Crispy Snacks / 精致小吃,,9552573738879-sg-ctn
dumpling-ayam-cendawan__dac-pck,Dumpling Ayam Cendawan 鸡肉香菇饺子 (2kg * Pck),"Thick, bouncy dumplings filled with savory minced chicken breast and earthy, fragrant shiitake mushrooms. 面皮劲道，包裹鲜美多汁的鸡肉与浓郁香菇丁，满口鲜美。",in stock,new,54.00 MYR,https://alekhlasfood.com/#catalog,https://images.unsplash.com/photo-1534422298391-e4f8c172dddb?auto=format&fit=crop&w=600&q=80,AEM Frozen Food,dumpling-ayam-cendawan,Gourmet Dumplings / 饺子系列,9555413427490,
dumpling-ayam-kubis__dak-pck,Dumpling Ayam Kubis 鸡肉白菜饺子 (2kg * Pck),"Comforting, classic dumplings stuffed with sweet minced chicken and crisp, fresh cabbage slices. 爽脆白菜遇上软嫩鸡肉，经典家常口味，清甜不腻，鲜美爽口。",in stock,new,54.00 MYR,https://alekhlasfood.com/#catalog,https://images.unsplash.com/photo-1541696432-82c6da8ce7bf?auto=format&fit=crop&w=600&q=80,AEM Frozen Food,dumpling-ayam-kubis,Gourmet Dumplings / 饺子系列,9555413444138,
dumpling-beef-leek__dbl-pck,Dumpling Beef & Leek 牛肉大葱饺子 (2kg * Pck),"Rich, robust dumplings featuring minced beef seasoned with fragrant local Chinese leeks. 劲道面皮包入浓郁牛肉大葱馅，汁多味浓，饱满扎实。",in stock,new,54.00 MYR,https://alekhlasfood.com/#catalog,https://images.unsplash.com/photo-1525755662778-989d0524087e?auto=format&fit=crop&w=600&q=80,AEM Frozen Food,dumpling-beef-leek,Gourmet Dumplings / 饺子系列,9555413941330,
dumpling-kambing-lobak__dkl-pck,Dumpling Kambing & Lobak 羊肉白萝卜饺子 (2kg * Pck),"Premium mutton dumplings seasoned beautifully with crisp white radish, reducing gaminess for ultimate flavor. 清甜白萝卜搭配鲜美羊肉，温补鲜嫩，去腥提味，汁水充盈。",in stock,new,56.00 MYR,https://alekhlasfood.com/#catalog,https://images.unsplash.com/photo-1563245372-f21724e3856d?auto=format&fit=crop&w=600&q=80,AEM Frozen Food,dumpling-kambing-lobak,Gourmet Dumplings / 饺子系列,,9555414941347-dkl-pck
rte-daging-masam-emas__dme-pkt,Daging Masak Masam Emas 酸汤金汤肥牛 (200g * Pkt),Tender beef slices in a luxurious golden pumpkin-and-wild-pepper sour soup. Extravagantly appetizing. 精选肥牛切片置于金灿酸汤，酸辣开胃，汤头浓郁，热辣过瘾。,in stock,new,8.80 MYR,https://alekhlasfood.com/#catalog,https://images.unsplash.com/photo-1547592180-85f173990554?auto=format&fit=crop&w=600&q=80,AEM Frozen Food,rte-daging-masam-emas,Ready To Eat Meals / 中式料理包,9551789215037,
rte-daging-masam-emas__dme-ctn,Daging Masak Masam Emas 酸汤金汤肥牛 (20Pkt * Ctn),Tender beef slices in a luxurious golden pumpkin-and-wild-pepper sour soup. Extravagantly appetizing. 精选肥牛切片置于金灿酸汤，酸辣开胃，汤头浓郁，热辣过瘾。,in stock,new,176.00 MYR,https://alekhlasfood.com/#catalog,https://images.unsplash.com/photo-1547592180-85f173990554?auto=format&fit=crop&w=600&q=80,AEM Frozen Food,rte-daging-masam-emas,Ready To Eat Meals / 中式料理包,,9551789215037-dme-ctn
rte-daging-masak-merah__dmm-unit,Daging Masak Merah 秘制红烧牛肉 (200g * Unit),"Malaysian classic sweet-spicy red cooked beef or deep Chinese braised red beef style. Savory, meltingly tender. 古法慢炖，色泽红亮，肉质软烂，酱香甜辣，大马经典下饭菜。",in stock,new,9.00 MYR,https://alekhlasfood.com/#catalog,https://images.unsplash.com/photo-1534939561126-855b8675edd7?auto=format&fit=crop&w=600&q=80,AEM Frozen Food,rte-daging-masak-merah,Ready To Eat Meals / 中式料理包,9551789215068,
rte-daging-masak-merah__dmm-pkt,Daging Masak Merah 秘制红烧牛肉 (1kg * Pkt),"Malaysian classic sweet-spicy red cooked beef or deep Chinese braised red beef style. Savory, meltingly tender. 古法慢炖，色泽红亮，肉质软烂，酱香甜辣，大马经典下饭菜。",in stock,new,36.00 MYR,https://alekhlasfood.com/#catalog,https://images.unsplash.com/photo-1534939561126-855b8675edd7?auto=format&fit=crop&w=600&q=80,AEM Frozen Food,rte-daging-masak-merah,Ready To Eat Meals / 中式料理包,,9551789215068-dmm-pkt
rte-daging-masak-merah__dmm-ctn,Daging Masak Merah 秘制红烧牛肉 (1kg * 12Pkt * Ctn),"Malaysian classic sweet-spicy red cooked beef or deep Chinese braised red beef style. Savory, meltingly tender. 古法慢炖，色泽红亮，肉质软烂，酱香甜辣，大马经典下饭菜。",in stock,new,456.00 MYR,https://alekhlasfood.com/#catalog,https://images.unsplash.com/photo-1534939561126-855b8675edd7?auto=format&fit=crop&w=600&q=80,AEM Frozen Food,rte-daging-masak-merah,Ready To Eat Meals / 中式料理包,,9551789215068-dmm-ctn
rte-claypot-kambing__ck-pkt,Claypot Kambing 滋补羊肉煲 (350g * Pkt),"Rich, warming claypot style braised mutton with traditional Chinese warming herbs and soy sauces. 陶罐慢火煨炖，羊肉酥烂，浓缩中草药与香料精华，暖身滋补。",in stock,new,11.00 MYR,https://alekhlasfood.com/#catalog,https://images.unsplash.com/photo-1547928500-4722f55cd91e?auto=format&fit=crop&w=600&q=80,AEM Frozen Food,rte-claypot-kambing,Ready To Eat Meals / 中式料理包,9551789216027,
rte-claypot-kambing__ck-ctn,Claypot Kambing 滋补羊肉煲 (20Pkt * Ctn),"Rich, warming claypot style braised mutton with traditional Chinese warming herbs and soy sauces. 陶罐慢火煨炖，羊肉酥烂，浓缩中草药与香料精华，暖身滋补。",in stock,new,220.00 MYR,https://alekhlasfood.com/#catalog,https://images.unsplash.com/photo-1547928500-4722f55cd91e?auto=format&fit=crop&w=600&q=80,AEM Frozen Food,rte-claypot-kambing,Ready To Eat Meals / 中式料理包,,9551789216027-ck-ctn
rte-claypot-ayam__ca-pkt,Claypot Ayam 香浓鸡肉煲 (350g * Pkt),"Aromatic claypot style chicken stew cooked with thick premium soy sauce, ginger, and sesame oil. 黑酱油、生姜与麻油焖煮鸡块，香气浓郁逼人，滑嫩多汁。",in stock,new,6.50 MYR,https://alekhlasfood.com/#catalog,https://images.unsplash.com/photo-1604908176997-125f25cc6f3d?auto=format&fit=crop&w=600&q=80,AEM Frozen Food,rte-claypot-ayam,Ready To Eat Meals / 中式料理包,9551789217178,
rte-claypot-ayam__ca-ctn,Claypot Ayam 香浓鸡肉煲 (20Pkt * Ctn),"Aromatic claypot style chicken stew cooked with thick premium soy sauce, ginger, and sesame oil. 黑酱油、生姜与麻油焖煮鸡块，香气浓郁逼人，滑嫩多汁。",in stock,new,130.00 MYR,https://alekhlasfood.com/#catalog,https://images.unsplash.com/photo-1604908176997-125f25cc6f3d?auto=format&fit=crop&w=600&q=80,AEM Frozen Food,rte-claypot-ayam,Ready To Eat Meals / 中式料理包,,9551789217178-ca-ctn
rte-ayam-masam-manis__amm-pkt,Ayam Masam & Manis 经典酸甜鸡块 (200g * Pkt),"Crispy fried chicken chunks tossed in a glossy, tangy, sweet tomato and pineapple-based sauce. 酸甜可口，番茄与菠萝调配出黄金比例酱汁裹满鸡丁，经典百搭。",in stock,new,5.80 MYR,https://alekhlasfood.com/#catalog,https://images.unsplash.com/photo-1525755662778-989d0524087e?auto=format&fit=crop&w=600&q=80,AEM Frozen Food,rte-ayam-masam-manis,Ready To Eat Meals / 中式料理包,9551789217024,
rte-ayam-masam-manis__amm-ctn,Ayam Masam & Manis 经典酸甜鸡块 (20Pkt * Ctn),"Crispy fried chicken chunks tossed in a glossy, tangy, sweet tomato and pineapple-based sauce. 酸甜可口，番茄与菠萝调配出黄金比例酱汁裹满鸡丁，经典百搭。",in stock,new,116.00 MYR,https://alekhlasfood.com/#catalog,https://images.unsplash.com/photo-1525755662778-989d0524087e?auto=format&fit=crop&w=600&q=80,AEM Frozen Food,rte-ayam-masam-manis,Ready To Eat Meals / 中式料理包,,9551789217024-amm-ctn
rte-ayam-cincang-terung__act-pkt,Ayam Cincang dengan Terung 鸡肉沫茄子 (200g * Pkt),Savory minced chicken sautéed with melt-in-the-mouth purple eggplants in garlic paste sauce. 鸡肉碎咸香多汁，茄子软糯入味，蒜香浓厚，下饭第一名。,in stock,new,5.80 MYR,https://alekhlasfood.com/#catalog,https://images.unsplash.com/photo-1623065422902-30a2ad4dc9b4?auto=format&fit=crop&w=600&q=80,AEM Frozen Food,rte-ayam-cincang-terung,Ready To Eat Meals / 中式料理包,9551789217079,
rte-ayam-cincang-terung__act-ctn,Ayam Cincang dengan Terung 鸡肉沫茄子 (20Pkt * Ctn),Savory minced chicken sautéed with melt-in-the-mouth purple eggplants in garlic paste sauce. 鸡肉碎咸香多汁，茄子软糯入味，蒜香浓厚，下饭第一名。,in stock,new,116.00 MYR,https://alekhlasfood.com/#catalog,https://images.unsplash.com/photo-1623065422902-30a2ad4dc9b4?auto=format&fit=crop&w=600&q=80,AEM Frozen Food,rte-ayam-cincang-terung,Ready To Eat Meals / 中式料理包,,9551789217079-act-ctn
rte-ayam-cendawan__ace-pkt,Ayam Cendawan 经典香菇焖鸡 (200g * Pkt),Hearty homestyle chicken stewed with flavorful plump shiitake mushrooms in natural jus broth. 滑嫩鸡块与香菇鲜汤完美契合，慢火焖煮，香气渗入骨髓。,in stock,new,5.80 MYR,https://alekhlasfood.com/#catalog,https://images.unsplash.com/photo-1541696432-82c6da8ce7bf?auto=format&fit=crop&w=600&q=80,AEM Frozen Food,rte-ayam-cendawan,Ready To Eat Meals / 中式料理包,9551789217185,
rte-ayam-cendawan__ace-ctn,Ayam Cendawan 经典香菇焖鸡 (20Pkt * Ctn),Hearty homestyle chicken stewed with flavorful plump shiitake mushrooms in natural jus broth. 滑嫩鸡块与香菇鲜汤完美契合，慢火焖煮，香气渗入骨髓。,in stock,new,116.00 MYR,https://alekhlasfood.com/#catalog,https://images.unsplash.com/photo-1541696432-82c6da8ce7bf?auto=format&fit=crop&w=600&q=80,AEM Frozen Food,rte-ayam-cendawan,Ready To Eat Meals / 中式料理包,,9551789217185-ace-ctn
rte-ayam-kuning__akb-pkt,Ayam Kuning Berempah 秘制黄焖鸡 (200g * Pkt),"Malaysian-Chinese fusion stewed yellow gravy chicken cooked with ginger, garlic, and fresh turmeric roots. 融合黄姜、生姜与大蒜，文火慢煨黄焖鸡，色泽金黄，浓香粘稠。",in stock,new,6.80 MYR,https://alekhlasfood.com/#catalog,https://images.unsplash.com/photo-1562967914-608f82629710?auto=format&fit=crop&w=600&q=80,AEM Frozen Food,rte-ayam-kuning,Ready To Eat Meals / 中式料理包,9551789217192,
rte-ayam-kuning__akb-ctn,Ayam Kuning Berempah 秘制黄焖鸡 (20Pkt * Ctn),"Malaysian-Chinese fusion stewed yellow gravy chicken cooked with ginger, garlic, and fresh turmeric roots. 融合黄姜、生姜与大蒜，文火慢煨黄焖鸡，色泽金黄，浓香粘稠。",in stock,new,136.00 MYR,https://alekhlasfood.com/#catalog,https://images.unsplash.com/photo-1562967914-608f82629710?auto=format&fit=crop&w=600&q=80,AEM Frozen Food,rte-ayam-kuning,Ready To Eat Meals / 中式料理包,,9551789217192-akb-ctn
sauce-kolagen-ayam__ska-pkt,Sup Kolagen Ayam Emas 金汤花胶鸡汤底 (1kg * Pkt),Luxurious Golden Chicken soup base packed with collagen from hours of slow simmering marrow bone broth. 精选老母鸡慢熬数小时，汤色金黄亮泽，胶原蛋白满满，鲜美浓醇。,in stock,new,36.00 MYR,https://alekhlasfood.com/#catalog,https://images.unsplash.com/photo-1547592180-85f173990554?auto=format&fit=crop&w=600&q=80,AEM Frozen Food,sauce-kolagen-ayam,Premium Hotpot Soups & Sauces / 火锅底料 & 酱料,9551738298371,
sauce-kolagen-ayam__ska-ctn,Sup Kolagen Ayam Emas 金汤花胶鸡汤底 (1kg * 12Pkt * Ctn),Luxurious Golden Chicken soup base packed with collagen from hours of slow simmering marrow bone broth. 精选老母鸡慢熬数小时，汤色金黄亮泽，胶原蛋白满满，鲜美浓醇。,in stock,new,430.00 MYR,https://alekhlasfood.com/#catalog,https://images.unsplash.com/photo-1547592180-85f173990554?auto=format&fit=crop&w=600&q=80,AEM Frozen Food,sauce-kolagen-ayam,Premium Hotpot Soups & Sauces / 火锅底料 & 酱料,,9551738298371-ska-ctn
sauce-jeruk-sayur__sjs-pkt,Sup Jeruk Sayur 正宗酸菜鱼汤底 (1kg * Pkt),"Tangy, spicy Sichuan fermented mustard green hotpot soup base. A classic savory sensation. 四川老坛酸菜酿造，微辣清酸，熬制高汤开胃生津，涮鱼绝配。",in stock,new,28.00 MYR,https://alekhlasfood.com/#catalog,https://images.unsplash.com/photo-1547928500-4722f55cd91e?auto=format&fit=crop&w=600&q=80,AEM Frozen Food,sauce-jeruk-sayur,Premium Hotpot Soups & Sauces / 火锅底料 & 酱料,9551738298388,
sauce-jeruk-sayur__sjs-ctn,Sup Jeruk Sayur 正宗酸菜鱼汤底 (1kg * 12Pkt * Ctn),"Tangy, spicy Sichuan fermented mustard green hotpot soup base. A classic savory sensation. 四川老坛酸菜酿造，微辣清酸，熬制高汤开胃生津，涮鱼绝配。",in stock,new,330.00 MYR,https://alekhlasfood.com/#catalog,https://images.unsplash.com/photo-1547928500-4722f55cd91e?auto=format&fit=crop&w=600&q=80,AEM Frozen Food,sauce-jeruk-sayur,Premium Hotpot Soups & Sauces / 火锅底料 & 酱料,,9551738298388-sjs-ctn
sauce-tomato__st-pkt,Sup Tomato 鲜番茄火锅底料 (1kg * Pkt),"Rich, sweet, and tangy premium hotpot soup base made of sun-ripened fresh tomato puree. 采用阳光熟番茄打磨熬制，酸爽香甜，浓郁浓稠，营养健康。",in stock,new,28.00 MYR,https://alekhlasfood.com/#catalog,https://images.unsplash.com/photo-1546069901-ba9599a7e63c?auto=format&fit=crop&w=600&q=80,AEM Frozen Food,sauce-tomato,Premium Hotpot Soups & Sauces / 火锅底料 & 酱料,9551738298395,
sauce-tomato__st-ctn,Sup Tomato 鲜番茄火锅底料 (1kg * 10Pkt * Ctn),"Rich, sweet, and tangy premium hotpot soup base made of sun-ripened fresh tomato puree. 采用阳光熟番茄打磨熬制，酸爽香甜，浓郁浓稠，营养健康。",in stock,new,280.00 MYR,https://alekhlasfood.com/#catalog,https://images.unsplash.com/photo-1546069901-ba9599a7e63c?auto=format&fit=crop&w=600&q=80,AEM Frozen Food,sauce-tomato,Premium Hotpot Soups & Sauces / 火锅底料 & 酱料,,9551738298395-st-ctn
sauce-ayam-masam-pedas__samp-pkt,Sup Ayam Masam Pedas 泡椒酸辣鸡汤底 (2kg * Pkt),"A punchy, dynamic hotpot base featuring pickled wild peppers. Extra tangy, sour and hot. 正宗四川泡椒调味，酸辣带劲，回甘清爽，酣畅淋漓。",in stock,new,56.00 MYR,https://alekhlasfood.com/#catalog,https://images.unsplash.com/photo-1547592180-85f173990554?auto=format&fit=crop&w=600&q=80,AEM Frozen Food,sauce-ayam-masam-pedas,Premium Hotpot Soups & Sauces / 火锅底料 & 酱料,9551738298302,
sauce-ayam-masam-pedas__samp-ctn,Sup Ayam Masam Pedas 泡椒酸辣鸡汤底 (2kg * 12Pkt * Ctn),"A punchy, dynamic hotpot base featuring pickled wild peppers. Extra tangy, sour and hot. 正宗四川泡椒调味，酸辣带劲，回甘清爽，酣畅淋漓。",in stock,new,672.00 MYR,https://alekhlasfood.com/#catalog,https://images.unsplash.com/photo-1547592180-85f173990554?auto=format&fit=crop&w=600&q=80,AEM Frozen Food,sauce-ayam-masam-pedas,Premium Hotpot Soups & Sauces / 火锅底料 & 酱料,,9551738298302-samp-ctn
sauce-mala-pedas__smp-pkt,Sup Sichuan Mala Pedas 川味麻辣火锅底料 (1kg * Pkt),"The ultimate numbingly hot Sichuan Mala soup block. Rich oil, loaded with peppercorns and dried chili. 正宗川蜀牛油/植物油麻辣底料，辣而不燥，麻味绵长。",in stock,new,28.00 MYR,https://alekhlasfood.com/#catalog,https://images.unsplash.com/photo-1513456852971-30c0b8199d4d?auto=format&fit=crop&w=600&q=80,AEM Frozen Food,sauce-mala-pedas,Premium Hotpot Soups & Sauces / 火锅底料 & 酱料,9551738298319,
sauce-mala-pedas__smp-ctn,Sup Sichuan Mala Pedas 川味麻辣火锅底料 (1kg * 10Pkt * Ctn),"The ultimate numbingly hot Sichuan Mala soup block. Rich oil, loaded with peppercorns and dried chili. 正宗川蜀牛油/植物油麻辣底料，辣而不燥，麻味绵长。",in stock,new,280.00 MYR,https://alekhlasfood.com/#catalog,https://images.unsplash.com/photo-1513456852971-30c0b8199d4d?auto=format&fit=crop&w=600&q=80,AEM Frozen Food,sauce-mala-pedas,Premium Hotpot Soups & Sauces / 火锅底料 & 酱料,,9551738298319-smp-ctn
sauce-minyak-cili__mcm-pkt,Minyak Cili Merah 特级秘制红辣椒油 (500g * Pkt),"Deep red, immensely fragrant seasoned chili oil. Packed with toasted chili flakes and spices. 红亮剔透，辣油鲜美，拌面、蘸饺子、凉拌菜绝佳调味品。",in stock,new,18.00 MYR,https://alekhlasfood.com/#catalog,https://images.unsplash.com/photo-1588166524941-3bf61a9c41db?auto=format&fit=crop&w=600&q=80,AEM Frozen Food,sauce-minyak-cili,Premium Hotpot Soups & Sauces / 火锅底料 & 酱料,9556789876875,
sauce-minyak-cili__mcm-ctn,Minyak Cili Merah 特级秘制红辣椒油 (500g * 12Pkt * Ctn),"Deep red, immensely fragrant seasoned chili oil. Packed with toasted chili flakes and spices. 红亮剔透，辣油鲜美，拌面、蘸饺子、凉拌菜绝佳调味品。",in stock,new,210.00 MYR,https://alekhlasfood.com/#catalog,https://images.unsplash.com/photo-1588166524941-3bf61a9c41db?auto=format&fit=crop&w=600&q=80,AEM Frozen Food,sauce-minyak-cili,Premium Hotpot Soups & Sauces / 火锅底料 & 酱料,,9556789876875-mcm-ctn
sauce-sos-bawang-putih__sbp-pkt,Sos Bawang Putih 黄金蒜蓉蘸酱 (500g * Pkt),"Thick, fragrant golden garlic sauce. Ideal condiment for steam seafood, hotpot dipping, or stir-fries. 精研生蒜慢火熬制，辟腥提鲜，蒜香饱满持久。",in stock,new,18.00 MYR,https://alekhlasfood.com/#catalog,https://images.unsplash.com/photo-1540189549336-e6e99c3679fe?auto=format&fit=crop&w=600&q=80,AEM Frozen Food,sauce-sos-bawang-putih,Premium Hotpot Soups & Sauces / 火锅底料 & 酱料,9556789876868,
sauce-sos-bawang-putih__sbp-ctn,Sos Bawang Putih 黄金蒜蓉蘸酱 (500g * 12Pkt * Ctn),"Thick, fragrant golden garlic sauce. Ideal condiment for steam seafood, hotpot dipping, or stir-fries. 精研生蒜慢火熬制，辟腥提鲜，蒜香饱满持久。",in stock,new,210.00 MYR,https://alekhlasfood.com/#catalog,https://images.unsplash.com/photo-1540189549336-e6e99c3679fe?auto=format&fit=crop&w=600&q=80,AEM Frozen Food,sauce-sos-bawang-putih,Premium Hotpot Soups & Sauces / 火锅底料 & 酱料,,9556789876868-sbp-ctn
diperap-isi-ikan__iid-pkt,Isi Ikan Diperap 秘制腌制鱼片 (250g * pck),"Velvety tender fish fillets pre-marinated to retain moisture. Perfect for hotpot, acid-soup or stir fry. 鱼肉软嫩，秘法腌制，不散不老，下锅即熟，口感滑溜。",in stock,new,8.60 MYR,https://alekhlasfood.com/#catalog,https://images.unsplash.com/photo-1519708227418-c8fd9a32b7a2?auto=format&fit=crop&w=600&q=80,AEM Frozen Food,diperap-isi-ikan,Marinated Meats / 秘制腌制肉片,9556321012303,
diperap-isi-ikan__iid-ctn,Isi Ikan Diperap 秘制腌制鱼片 (40pck * ctn),"Velvety tender fish fillets pre-marinated to retain moisture. Perfect for hotpot, acid-soup or stir fry. 鱼肉软嫩，秘法腌制，不散不老，下锅即熟，口感滑溜。",in stock,new,344.00 MYR,https://alekhlasfood.com/#catalog,https://images.unsplash.com/photo-1519708227418-c8fd9a32b7a2?auto=format&fit=crop&w=600&q=80,AEM Frozen Food,diperap-isi-ikan,Marinated Meats / 秘制腌制肉片,,9556321012303-iid-ctn
diperap-daging__did-pkt,Daging Diperap 秘制腌制牛肉片 (500g * pck),"Juicy, thinly sliced beef cuts beautifully tenderized and marinated. Cook in seconds. 精切嫩肉片，肉质嫩滑多汁，火锅涮肉、爆炒皆宜。",in stock,new,22.00 MYR,https://alekhlasfood.com/#catalog,https://images.unsplash.com/photo-1603048588665-791ca8aea617?auto=format&fit=crop&w=600&q=80,AEM Frozen Food,diperap-daging,Marinated Meats / 秘制腌制肉片,9556321012334,
diperap-daging__did-2kg,Daging Diperap 秘制腌制牛肉片 (2kg * pck),"Juicy, thinly sliced beef cuts beautifully tenderized and marinated. Cook in seconds. 精切嫩肉片，肉质嫩滑多汁，火锅涮肉、爆炒皆宜。",in stock,new,80.00 MYR,https://alekhlasfood.com/#catalog,https://images.unsplash.com/photo-1603048588665-791ca8aea617?auto=format&fit=crop&w=600&q=80,AEM Frozen Food,diperap-daging,Marinated Meats / 秘制腌制肉片,,9556321012334-did-2kg
diperap-kambing__kid-pkt,Kambing Diperap 秘制腌制羊肉片 (500g * pck),Succulent mutton slices tenderly prepared with herbs to neutralize gamey aroma. Fragrant and delicious. 优质羊肉切片，秘制调料去膻味，肉香醇厚，烧烤爆炒首选。,in stock,new,30.00 MYR,https://alekhlasfood.com/#catalog,https://images.unsplash.com/photo-1514516345957-556ca7d90a29?auto=format&fit=crop&w=600&q=80,AEM Frozen Food,diperap-kambing,Marinated Meats / 秘制腌制肉片,9556321012327,
diperap-kambing__kid-2kg,Kambing Diperap 秘制腌制羊肉片 (2kg * pck),Succulent mutton slices tenderly prepared with herbs to neutralize gamey aroma. Fragrant and delicious. 优质羊肉切片，秘制调料去膻味，肉香醇厚，烧烤爆炒首选。,in stock,new,120.00 MYR,https://alekhlasfood.com/#catalog,https://images.unsplash.com/photo-1514516345957-556ca7d90a29?auto=format&fit=crop&w=600&q=80,AEM Frozen Food,diperap-kambing,Marinated Meats / 秘制腌制肉片,,9556321012327-kid-2kg
tea-ba-bao__tbb-pkt,Daun Teh Ba Bao 经典八宝茶 (25g * pck),"Traditional wellness tea blend with red dates, wolfberries, longan, rock sugar, chrysanthemum, and green tea. 红枣、枸杞、龙眼、冰糖、菊花与绿茶融为一体，甘甜清爽。",in stock,new,5.00 MYR,https://alekhlasfood.com/#catalog,https://images.unsplash.com/photo-1576092768241-dec231879fc3?auto=format&fit=crop&w=600&q=80,AEM Frozen Food,tea-ba-bao,Flower Tea / 花茶,9551045275607,
tea-ba-bao__tbb-ctn,Daun Teh Ba Bao 经典八宝茶 (30pck * ctn),"Traditional wellness tea blend with red dates, wolfberries, longan, rock sugar, chrysanthemum, and green tea. 红枣、枸杞、龙眼、冰糖、菊花与绿茶融为一体，甘甜清爽。",in stock,new,150.00 MYR,https://alekhlasfood.com/#catalog,https://images.unsplash.com/photo-1576092768241-dec231879fc3?auto=format&fit=crop&w=600&q=80,AEM Frozen Food,tea-ba-bao,Flower Tea / 花茶,,9551045275607-tbb-ctn
tea-wolfberry__twb-pkt,Daun Teh Wolfberry 润燥美目茶 (25g * pck),Nourishing botanical blend designed to soothe eyes and hydrate the body. Loaded with premium goji berries. 特调配方，明目润燥，茶汤澄澈甜润，手机族、电脑族必备。,in stock,new,4.00 MYR,https://alekhlasfood.com/#catalog,https://images.unsplash.com/photo-1597481499750-3e6b22637e12?auto=format&fit=crop&w=600&q=80,AEM Frozen Food,tea-wolfberry,Flower Tea / 花茶,9551045275638,
tea-wolfberry__twb-ctn,Daun Teh Wolfberry 润燥美目茶 (30pck * ctn),Nourishing botanical blend designed to soothe eyes and hydrate the body. Loaded with premium goji berries. 特调配方，明目润燥，茶汤澄澈甜润，手机族、电脑族必备。,in stock,new,120.00 MYR,https://alekhlasfood.com/#catalog,https://images.unsplash.com/photo-1597481499750-3e6b22637e12?auto=format&fit=crop&w=600&q=80,AEM Frozen Food,tea-wolfberry,Flower Tea / 花茶,,9551045275638-twb-ctn
tea-roselle__tr-pkt,Daun Teh Roselle 洛神花草茶 (25g * pck),Tangy-sweet herbal tea made from dried roselle calyces. Vibrant red and full of antioxidants. 自然酸甜，呈红宝石般瑰丽色彩，解腻生津，抗氧好帮手。,in stock,new,4.00 MYR,https://alekhlasfood.com/#catalog,https://images.unsplash.com/photo-1506084868230-bb9d95c24759?auto=format&fit=crop&w=600&q=80,AEM Frozen Food,tea-roselle,Flower Tea / 花茶,9551045275645,
tea-roselle__tr-ctn,Daun Teh Roselle 洛神花草茶 (30pck * ctn),Tangy-sweet herbal tea made from dried roselle calyces. Vibrant red and full of antioxidants. 自然酸甜，呈红宝石般瑰丽色彩，解腻生津，抗氧好帮手。,in stock,new,120.00 MYR,https://alekhlasfood.com/#catalog,https://images.unsplash.com/photo-1506084868230-bb9d95c24759?auto=format&fit=crop&w=600&q=80,AEM Frozen Food,tea-roselle,Flower Tea / 花茶,,9551045275645-tr-ctn
tea-bunga-kekwa__tbk-pkt,Daun Teh Bunga Kekwa 清火菊花茶 (25g * pck),Refreshing aromatic tea made from selected golden chrysanthemum flowers. Clears summer heat. 精选金丝黄菊，清香悠长，清热解毒，夏日防暑常备。,in stock,new,4.00 MYR,https://alekhlasfood.com/#catalog,https://images.unsplash.com/photo-1563245372-f21724e3856d?auto=format&fit=crop&w=600&q=80,AEM Frozen Food,tea-bunga-kekwa,Flower Tea / 花茶,9551045275669,
tea-bunga-kekwa__tbk-ctn,Daun Teh Bunga Kekwa 清火菊花茶 (30pck * ctn),Refreshing aromatic tea made from selected golden chrysanthemum flowers. Clears summer heat. 精选金丝黄菊，清香悠长，清热解毒，夏日防暑常备。,in stock,new,120.00 MYR,https://alekhlasfood.com/#catalog,https://images.unsplash.com/photo-1563245372-f21724e3856d?auto=format&fit=crop&w=600&q=80,AEM Frozen Food,tea-bunga-kekwa,Flower Tea / 花茶,,9551045275669-tbk-ctn
herbal-sup-kelapa__sak-pkt,Sup Ayam Kelapa 椰子炖鸡汤底包 (400g * Pkt),Refreshing sweet herbal base with coconut flavors. Brings island warmth and sweetness to chicken soup. 清甜椰香高汤包，蕴含椰肉与天然草本，汤头鲜甜清润。,in stock,new,8.50 MYR,https://alekhlasfood.com/#catalog,https://images.unsplash.com/photo-1547592180-85f173990554?auto=format&fit=crop&w=600&q=80,AEM Frozen Food,herbal-sup-kelapa,Herbal Soup Pack / 养生汤包,9551738298623,
herbal-sup-susu-harimau__scs-pkt,Sup Ayam Cendawan Susu Harimau 虎乳芝养肺鸡汤包 (400g * Pkt),Precious Tiger Milk Mushroom (Cendawan Susu Harimau) boiled to boost lung health and immunity. 大马国宝级药材“虎乳芝”特配高汤包，润肺止咳，提升免疫力。,in stock,new,8.50 MYR,https://alekhlasfood.com/#catalog,https://images.unsplash.com/photo-1547928500-4722f55cd91e?auto=format&fit=crop&w=600&q=80,AEM Frozen Food,herbal-sup-susu-harimau,Herbal Soup Pack / 养生汤包,9551738298548,
herbal-sup-tianma__srt-pkt,Sup Rempah Tianma Tradisi 天麻安神补脑汤包 (400g * Pkt),"A traditional herbal blend highlighting Gastrodia (Tianma) to soothe headaches, improve sleep and focus. 精配天麻中草药，宁神安脑，缓解头痛头晕，清心醒脑。",in stock,new,8.50 MYR,https://alekhlasfood.com/#catalog,https://images.unsplash.com/photo-1546069901-ba9599a7e63c?auto=format&fit=crop&w=600&q=80,AEM Frozen Food,herbal-sup-tianma,Herbal Soup Pack / 养生汤包,9551738298425,
herbal-sup-bajitian__srb-pkt,Sup Rempah Bajitian 巴戟天强肾壮骨汤包 (400g * Pkt),"Nourishing soup base highlighting Morinda Root (Bajitian) to strengthen lower back, joints and energy. 巴戟天经典药膳包，强筋骨、壮腰膝，消除疲劳，增强体力。",in stock,new,8.50 MYR,https://alekhlasfood.com/#catalog,https://images.unsplash.com/photo-1541696432-82c6da8ce7bf?auto=format&fit=crop&w=600&q=80,AEM Frozen Food,herbal-sup-bajitian,Herbal Soup Pack / 养生汤包,9551738298494,
herbal-sup-cordyceps__src-pkt,Sup Rempah Cendawan Cordyceps 虫草花补肺滋肾汤包 (400g * Pkt),Vibrant golden cordyceps flowers matched with supporting herbs to nurture kidney and respiratory functions. 精选金黄虫草花，色泽诱人，滋阴润肺，益肾养颜。,in stock,new,8.50 MYR,https://alekhlasfood.com/#catalog,https://images.unsplash.com/photo-1547928500-4722f55cd91e?auto=format&fit=crop&w=600&q=80,AEM Frozen Food,herbal-sup-cordyceps,Herbal Soup Pack / 养生汤包,9551738298456,
herbal-sup-goji-kekwa__sag-pkt,Sup Ayam Goji & Kekwa 枸杞菊花明目鸡汤包 (400g * Pkt),Eye-care specialty herbal soup pack. Golden sweet wolfberry and crisp cooling chrysanthemum flavor. 清火明目特调，枸杞蜜香加小黄菊清凉，汤感清爽微甘。,in stock,new,8.50 MYR,https://alekhlasfood.com/#catalog,https://images.unsplash.com/photo-1600271886742-f049cd451bba?auto=format&fit=crop&w=600&q=80,AEM Frozen Food,herbal-sup-goji-kekwa,Herbal Soup Pack / 养生汤包,9551738298616,
seasoning-lanzhou__sml-pkt,Serbuk Perencah Mi Lanzhou 兰州牛肉面调料包 (500g * Pkt),The secret spice mix of Lanzhou beef ramen. Deeply flavorful blend of 15 authentic dry spices. 十五种传统天然香料黄金配比，一包还原正宗兰州拉面清香高汤底。,in stock,new,30.00 MYR,https://alekhlasfood.com/#catalog,https://images.unsplash.com/photo-1569718212165-3a8278d5f624?auto=format&fit=crop&w=600&q=80,AEM Frozen Food,seasoning-lanzhou,Gourmet Seasoning / 风味调味料,9550318268582,
seasoning-lanzhou__sml-ctn,Serbuk Perencah Mi Lanzhou 兰州牛肉面调料包 (500g * 12Pkt * Ctn),The secret spice mix of Lanzhou beef ramen. Deeply flavorful blend of 15 authentic dry spices. 十五种传统天然香料黄金配比，一包还原正宗兰州拉面清香高汤底。,in stock,new,350.00 MYR,https://alekhlasfood.com/#catalog,https://images.unsplash.com/photo-1569718212165-3a8278d5f624?auto=format&fit=crop&w=600&q=80,AEM Frozen Food,seasoning-lanzhou,Gourmet Seasoning / 风味调味料,,9550318268582-sml-ctn
seasoning-bbq__sbb-pkt,Serbuk Perisa BBQ 经典风味烧烤撒料包 (500g * Pkt),"Savory, sweet, smoky barbecue dry-rub powder. Perfect for skewered chicken, meats or fries. 咸甜微熏，香气四溢。最适宜作为烧烤肉串、海鲜或炸物撒粉。",in stock,new,30.00 MYR,https://alekhlasfood.com/#catalog,https://images.unsplash.com/photo-1544025162-d76694265947?auto=format&fit=crop&w=600&q=80,AEM Frozen Food,seasoning-bbq,Gourmet Seasoning / 风味调味料,9551789218021,
seasoning-bbq__sbb-ctn,Serbuk Perisa BBQ 经典风味烧烤撒料包 (500g * 12Pkt * Ctn),"Savory, sweet, smoky barbecue dry-rub powder. Perfect for skewered chicken, meats or fries. 咸甜微熏，香气四溢。最适宜作为烧烤肉串、海鲜或炸物撒粉。",in stock,new,350.00 MYR,https://alekhlasfood.com/#catalog,https://images.unsplash.com/photo-1544025162-d76694265947?auto=format&fit=crop&w=600&q=80,AEM Frozen Food,seasoning-bbq,Gourmet Seasoning / 风味调味料,,9551789218021-sbb-ctn
seasoning-mala-bbq__smb-pkt,Serbuk Perisa Mala BBQ 秘制麻辣烧烤撒料包 (500g * Pkt),Zesty Sichuan pepper and red chili dry seasoning powder. Adds a punchy numbing thrill to bbq skewers. 精选汉源花椒与二荆条红椒打磨，麻辣过瘾，激发肉食深层香味。,in stock,new,30.00 MYR,https://alekhlasfood.com/#catalog,https://images.unsplash.com/photo-1596797038530-2c107229654b?auto=format&fit=crop&w=600&q=80,AEM Frozen Food,seasoning-mala-bbq,Gourmet Seasoning / 风味调味料,,AEM-ML-BBQ-smb-pkt
seasoning-mala-bbq__smb-ctn,Serbuk Perisa Mala BBQ 秘制麻辣烧烤撒料包 (500g * 12Pkt * Ctn),Zesty Sichuan pepper and red chili dry seasoning powder. Adds a punchy numbing thrill to bbq skewers. 精选汉源花椒与二荆条红椒打磨，麻辣过瘾，激发肉食深层香味。,in stock,new,350.00 MYR,https://alekhlasfood.com/#catalog,https://images.unsplash.com/photo-1596797038530-2c107229654b?auto=format&fit=crop&w=600&q=80,AEM Frozen Food,seasoning-mala-bbq,Gourmet Seasoning / 风味调味料,,AEM-ML-BBQ-smb-ctn
